name,type,prefab,rotYaxis,worldX,worldY,terrainX,terrainY,locationID,region,gisX,gisY
Abibon-Gora Border Tower,0,WOD_Border_Tower_Desert_02,,175,455,28,31,1752845531,Abibon-gora,175.21875,-455.7578125
Abibon-Gora Border Tower,0,WOD_Border_Tower_Desert_02,,159,477,110,36,15911047736,Abibon-gora,159.859375,-477.71875
Alcaire Border Tower,0,WOD_Scout_Tower_01,270,701,99,27,122,7012799122,Alcaire,701.2109375,-99.046875
Alcaire Border Tower,0,WOD_Border_Tower_06,270,744,138,64,20,7446413820,Alcaire,744.5,-138.84375
Alcaire Border Tower,0,WOD_Border_Tower_06,,688,100,37,95,6883710095,Alcaire,688.2890625,-100.2578125
Alcaire Border Tower,0,WOD_Scout_Tower_01,,688,122,20,101,68820122101,Alcaire,688.15625,-122.2109375
Alcaire Border Tower,0,WOD_Border_Tower_06,180,732,112,118,51,73211811251,Alcaire,732.921875,-112.6015625
Alcaire Border Tower,0,WOD_Border_Tower_06,270,711,89,32,118,7113289118,Alcaire,711.25,-89.078125
Alik'r Border Tower,0,WOD_Scout_Tower_03,90,432,438,83,110,43283438110,Alik'r Desert,432.6484375,-438.140625
Alik'r Border Tower,0,WOD_Border_Tower_Desert_04,90,290,448,0,101,29000448101,Alik'r Desert,290,-448.2109375
Alik'r Border Tower,0,WOD_Scout_Tower_03,270,404,449,70,8,4047044908,Alik'r Desert,404.546875,-449.9375
Alik'r Border Tower,0,WOD_Scout_Tower_03,90,586,383,26,118,58626383118,Alik'r Desert,586.203125,-383.078125
Alik'r Border Tower,0,WOD_Border_Tower_Desert_04,270,634,414,122,109,634122414109,Alik'r Desert,634.953125,-414.1484375
Alik'r Border Tower,0,WOD_Scout_Tower_03,,629,433,82,8,6298243308,Alik'r Desert,629.640625,-433.9375
Anticlere Border Tower,0,WOD_Anticlere_Border_Tower_01,,345,141,55,92,3455514192,Anticlere,345.4296875,-141.28125
Anticlere Border Tower,0,WOD_Anticlere_Border_Tower_01,270,359,120,12,108,35912120108,Anticlere,359.09375,-120.15625
Anticlere Border Tower,0,WOD_Anticlere_Border_Tower_01,,382,120,91,114,38291120114,Anticlere,382.7109375,-120.109375
Anticlere Border Tower,0,WOD_Anticlere_Border_Tower_01,,443,131,45,114,44345131114,Anticlere,443.3515625,-131.109375
Anticlere Border Tower,0,WOD_Anticlere_Border_Tower_01,,334,142,45,87,3344514287,Anticlere,334.3515625,-142.3203125
Anticlere Border Tower,0,WOD_Anticlere_Border_Tower_01,,434,119,116,29,43411611929,Anticlere,434.90625,-119.7734375
Anticlere Border Tower,0,WOD_Anticlere_Border_Tower_01,,484,136,109,97,48410913697,Anticlere,484.8515625,-136.2421875
Anticlere Border Tower,0,WOD_Anticlere_Border_Tower_01,,391,119,70,115,39170119115,Anticlere,391.546875,-119.1015625
Anticlere Border Tower,0,WOD_Anticlere_Border_Tower_01,,466,134,44,113,46644134113,Anticlere,466.34375,-134.1171875
Anticlere Border Tower,0,WOD_Anticlere_Border_Tower_01,,365,192,87,79,3658719279,Anticlere,365.6796875,-192.3828125
Anticlere Border Tower,0,WOD_Anticlere_Border_Tower_01,,353,130,33,50,3533313050,Anticlere,353.2578125,-130.609375
Anticlere Border Tower,0,WOD_Anticlere_Border_Tower_01,,433,118,118,29,43311811829,Anticlere,433.921875,-118.7734375
Anticlere Border Tower,0,WOD_Anticlere_Border_Tower_01,,334,176,19,56,3341917656,Anticlere,334.1484375,-176.5625
Anticlere Border Tower,0,WOD_Anticlere_Border_Tower_01,,406,117,99,114,40699117114,Anticlere,406.7734375,-117.109375
Anticlere Border Tower,0,WOD_Anticlere_Scout_Tower_01,,402,117,3,115,40203117115,Anticlere,402.0234375,-117.1015625
Anticlere Border Tower,0,WOD_Anticlere_Border_Tower_01,,431,118,46,118,43146118118,Anticlere,431.359375,-118.078125
Anticlere Border Tower,0,WOD_Anticlere_Border_Tower_01,,332,154,38,60,3323815460,Anticlere,332.296875,-154.53125
Anticlere Border Tower,0,WOD_Anticlere_Border_Tower_01,,475,136,55,120,47555136120,Anticlere,475.4296875,-136.0625
Anticlere Border Tower,0,WOD_Anticlere_Scout_Tower_01,,450,132,127,115,450127132115,Anticlere,450.9921875,-132.1015625
Anticlere Border Tower,0,WOD_Anticlere_Border_Tower_01,,512,146,116,55,51211614655,Anticlere,512.90625,-146.5703125
Anticlere Border Tower,0,WOD_Anticlere_Border_Tower_01,,513,141,110,54,51311014154,Anticlere,513.859375,-141.578125
Anticlere Border Tower,0,WOD_Anticlere_Border_Tower_01,,402,190,74,58,4027419058,Anticlere,402.578125,-190.546875
Anticlere Border Tower,0,WOD_Anticlere_Border_Tower_01,,346,140,40,44,3464014044,Anticlere,346.3125,-140.65625
Anticlere Border Tower,0,WOD_Anticlere_Border_Tower_01,,410,117,17,115,41017117115,Anticlere,410.1328125,-117.1015625
Anticlere Border Tower,0,WOD_Anticlere_Scout_Tower_01,,355,126,14,122,35514126122,Anticlere,355.109375,-126.046875
Anticlere Border Tower,0,WOD_Anticlere_Border_Tower_01,,500,132,77,114,50077132114,Anticlere,500.6015625,-132.109375
Anticlere Border Tower,0,WOD_Anticlere_Border_Tower_01,270,367,120,23,115,36723120115,Anticlere,367.1796875,-120.1015625
Anticlere Border Tower,0,WOD_Anticlere_Border_Tower_01,,334,174,19,95,3341917495,Anticlere,334.1484375,-174.2578125
Anticlere Border Tower,0,WOD_Anticlere_Border_Tower_01,,428,118,90,120,42890118120,Anticlere,428.703125,-118.0625
Anticlere Border Tower,0,WOD_Anticlere_Scout_Tower_01,,387,119,46,114,38746119114,Anticlere,387.359375,-119.109375
Anticlere Border Tower,0,WOD_Anticlere_Border_Tower_01,270,361,120,124,114,361124120114,Anticlere,361.96875,-120.109375
Anticlere Border Tower,0,WOD_Anticlere_Border_Tower_01,,423,118,81,118,42381118118,Anticlere,423.6328125,-118.078125
Antiphyllos Border Tower,0,WOD_Scout_Tower_02,180,492,445,119,99,49211944599,Antiphyllos,492.9296875,-445.2265625
Antiphyllos Border Tower,0,WOD_Scout_Tower_02,270,485,459,27,6,4852745906,Antiphyllos,485.2109375,-459.953125
Antiphyllos Border Tower,0,WOD_Scout_Tower_02,,432,437,32,12,4323243712,Antiphyllos,432.25,-437.90625
Antiphyllos Border Tower,0,WOD_Border_Tower_Desert_03,,456,439,10,1,4561043901,Antiphyllos,456.078125,-439.9921875
Ayasofya Border Tower,0,WOD_Border_Tower_Desert_04,,445,417,24,50,4452441750,Ayasofya,445.1875,-417.609375
Ayasofya Border Tower,0,WOD_Scout_Tower_03,,445,389,8,84,4450838984,Ayasofya,445.0625,-389.34375
Ayasofya Border Tower,0,WOD_Border_Tower_Desert_04,,448,365,63,106,44863365106,Ayasofya,448.4921875,-365.171875
Ayasofya Border Tower,0,WOD_Scout_Tower_03,,481,397,79,9,4817939709,Ayasofya,481.6171875,-397.9296875
Bergama Border Tower,0,WOD_Border_Tower_Desert_01,180,445,483,109,125,445109483125,Bergama,445.8515625,-483.0234375
Bergama Border Tower,0,WOD_Border_Tower_Desert_01,,444,464,125,124,444125464124,Bergama,444.9765625,-464.03125
Betony Border Tower,0,WOD_Daggerfall_Border_Tower_01,,131,261,116,65,13111626165,Betony,131.90625,-261.4921875
Bhoriane Border Tower,0,WOD_Scout_Tower_01,,560,112,27,108,56027112108,Bhoriane,560.2109375,-112.15625
Bhoriane Border Tower,0,WOD_Border_Tower_01,270,559,137,17,13,5591713713,Bhoriane,559.1328125,-137.8984375
Bhoriane Border Tower,0,WOD_Scout_Tower_01,270,602,91,23,116,6022391116,Bhoriane,602.1796875,-91.09375
Bhoriane Border Tower,0,WOD_Border_Tower_01,270,589,102,50,101,58950102101,Bhoriane,589.390625,-102.2109375
Bhoriane Border Tower,0,WOD_Border_Tower_01,,589,153,72,17,5897215317,Bhoriane,589.5625,-153.8671875
Bhoriane Border Tower,0,WOD_Border_Tower_01,180,649,113,115,22,64911511322,Bhoriane,649.8984375,-113.828125
Bhoriane Border Tower,0,WOD_Border_Tower_01,180,622,116,96,108,62296116108,Bhoriane,622.75,-116.15625
Bhoriane Border Tower,0,WOD_Border_Tower_01,180,637,112,96,15,6379611215,Bhoriane,637.75,-112.8828125
Bhoriane Border Tower,0,WOD_Border_Tower_01,,614,144,102,90,61410214490,Bhoriane,614.796875,-144.296875
Bhoriane Border Tower,0,WOD_Scout_Tower_01,270,626,88,24,115,6262488115,Bhoriane,626.1875,-88.1015625
Bhoriane Border Tower,0,WOD_Scout_Tower_01,180,655,101,110,49,65511010149,Bhoriane,655.859375,-101.6171875
Bhoriane Border Tower,0,WOD_Scout_Tower_01,,547,132,9,108,54709132108,Bhoriane,547.0703125,-132.15625
Daenia Border Tower,0,WOD_Scout_Tower_02,,354,126,52,101,35452126101,Daenia,354.40625,-126.2109375
Daenia Border Tower,0,WOD_Scout_Tower_02,,417,85,59,52,417598552,Daenia,417.4609375,-85.59375
Daenia Border Tower,0,WOD_Scout_Tower_02,,402,116,93,33,4029311633,Daenia,402.7265625,-116.7421875
Daenia Border Tower,0,WOD_Border_Tower_02,,415,92,101,52,4151019252,Daenia,415.7890625,-92.59375
Daenia Border Tower,0,WOD_Border_Tower_02,,353,43,14,110,3531443110,Daenia,353.109375,-43.140625
Daenia Border Tower,0,WOD_Scout_Tower_02,,346,119,26,128,34626119128,Daenia,346.203125,-119
Daenia Border Tower,0,WOD_Scout_Tower_02,,380,36,26,78,380263678,Daenia,380.203125,-36.390625
Daggerfall Border Tower,0,WOD_Daggerfall_Border_Tower_01,180,301,194,111,115,301111194115,Daggerfall,301.8671875,-194.1015625
Daggerfall Border Tower,0,WOD_Daggerfall_Border_Tower_01,180,90,179,76,44,907617944,Daggerfall,90.59375,-179.65625
Daggerfall Border Tower,0,WOD_Daggerfall_Border_Tower_01,180,297,169,113,86,29711316986,Daggerfall,297.8828125,-169.328125
Daggerfall Border Tower,0,WOD_Daggerfall_Border_Tower_01,180,300,182,110,90,30011018290,Daggerfall,300.859375,-182.296875
Daggerfall Border Tower,0,WOD_Daggerfall_Border_Tower_01,180,287,160,42,79,2874216079,Daggerfall,287.328125,-160.3828125
Daggerfall Border Tower,0,WOD_Daggerfall_Border_Tower_01,180,298,171,82,27,2988217127,Daggerfall,298.640625,-171.7890625
Daggerfall Border Tower,0,WOD_Daggerfall_Border_Tower_01,180,300,180,111,111,300111180111,Daggerfall,300.8671875,-180.1328125
Daggerfall Border Tower,0,WOD_Daggerfall_Border_Tower_01,180,270,138,87,33,2708713833,Daggerfall,270.6796875,-138.7421875
Daggerfall Border Tower,0,WOD_Daggerfall_Border_Tower_01,180,307,199,84,65,3078419965,Daggerfall,307.65625,-199.4921875
Daggerfall Border Tower,0,WOD_Daggerfall_Border_Tower_01,180,151,147,105,49,15110514749,Daggerfall,151.8203125,-147.6171875
Daggerfall Border Tower,0,WOD_Daggerfall_Border_Tower_01,180,302,196,115,111,302115196111,Daggerfall,302.8984375,-196.1328125
Daggerfall Border Tower,0,WOD_Daggerfall_Border_Tower_01,180,269,144,115,20,26911514420,Daggerfall,269.8984375,-144.84375
Daggerfall Border Tower,0,WOD_Daggerfall_Border_Tower_01,180,270,156,104,45,27010415645,Daggerfall,270.8125,-156.6484375
Daggerfall Border Tower,0,WOD_Daggerfall_Border_Tower_01,180,296,168,111,70,29611116870,Daggerfall,296.8671875,-168.453125
Dak'fron Border Tower,0,WOD_Scout_Tower_01,90,618,430,31,116,61831430116,Dak'fron,618.2421875,-430.09375
Dak'fron Border Tower,0,WOD_Scout_Tower_01,90,665,442,20,123,66520442123,Dak'fron,665.15625,-442.0390625
Dragontail Border Tower,0,WOD_Border_Tower_03,90,643,283,104,109,643104283109,Dragontail Mountains,643.8125,-283.1484375
Dragontail Border Tower,0,WOD_Scout_Tower_03,180,669,308,123,5,66912330805,Dragontail Mountains,669.9609375,-308.9609375
Dragontail Border Tower,0,WOD_Scout_Tower_03,90,795,377,73,106,79573377106,Dragontail Mountains,795.5703125,-377.171875
Dragontail Border Tower,0,WOD_Border_Tower_03,,891,472,29,115,89129472115,Dragontail Mountains,891.2265625,-472.1015625
Dragontail Border Tower,0,WOD_Scout_Tower_03,,829,471,31,116,82931471116,Dragontail Mountains,829.2421875,-471.09375
Dragontail Border Tower,0,WOD_Scout_Tower_03,,594,286,27,24,5942728624,Dragontail Mountains,594.2109375,-286.8125
Dragontail Border Tower,0,WOD_Scout_Tower_03,,893,422,27,24,8932742224,Dragontail Mountains,893.2109375,-422.8125
Dragontail Border Tower,0,WOD_Border_Tower_03,180,849,383,108,24,84910838324,Dragontail Mountains,849.84375,-383.8125
Dragontail Border Tower,0,WOD_Scout_Tower_03,270,594,340,81,18,5948134018,Dragontail Mountains,594.6328125,-340.859375
Dragontail Border Tower,0,WOD_Border_Tower_03,90,748,375,72,120,74872375120,Dragontail Mountains,748.5625,-375.0625
Dragontail Border Tower,0,WOD_Border_Tower_03,180,688,331,111,54,68811133154,Dragontail Mountains,688.8671875,-331.578125
Dwynnen Border Tower,0,WOD_Dwynnen_Border_Tower_01,270,566,61,76,17,566766117,Dwynnen,566.59375,-61.8671875
Dwynnen Border Tower,0,WOD_Dwynnen_Border_Tower_01,,500,111,28,76,5002811176,Dwynnen,500.21875,-111.40625
Dwynnen Border Tower,0,WOD_Dwynnen_Border_Tower_01,,489,81,23,8,489238108,Dwynnen,489.1796875,-81.9375
Dwynnen Border Tower,0,WOD_Dwynnen_Scout_Tower_01,,488,67,78,0,488786700,Dwynnen,488.609375,-68
Dwynnen Border Tower,0,WOD_Dwynnen_Scout_Tower_01,,514,132,22,4,5142213204,Dwynnen,514.171875,-132.96875
Dwynnen Border Tower,0,WOD_Dwynnen_Scout_Tower_01,,505,18,8,23,505081823,Dwynnen,505.0625,-18.8203125
Dwynnen Border Tower,0,WOD_Dwynnen_Scout_Tower_01,,488,28,22,76,488222876,Dwynnen,488.171875,-28.40625
Dwynnen Border Tower,0,WOD_Dwynnen_Scout_Tower_01,,493,99,101,27,4931019927,Dwynnen,493.7890625,-99.7890625
Dwynnen Border Tower,0,WOD_Dwynnen_Scout_Tower_01,90,571,102,15,115,57115102115,Dwynnen,571.1171875,-102.1015625
Dwynnen Border Tower,0,WOD_Dwynnen_Scout_Tower_01,270,504,113,79,14,5047911314,Dwynnen,504.6171875,-113.890625
Dwynnen Border Tower,0,WOD_Dwynnen_Scout_Tower_01,180,567,17,105,27,5671051727,Dwynnen,567.8203125,-17.7890625
Dwynnen Border Tower,0,WOD_Dwynnen_Border_Tower_01,,490,21,31,105,4903121105,Dwynnen,490.2421875,-21.1796875
Ephesus Border Tower,0,WOD_Scout_Tower_05,270,866,470,70,12,8667047012,Ephesus,866.546875,-470.90625
Ephesus Border Tower,0,WOD_Border_Tower_04,,821,430,128,110,821128430110,Ephesus,822,-430.140625
Ephesus Border Tower,0,WOD_Scout_Tower_05,270,829,470,72,8,8297247008,Ephesus,829.5625,-470.9375
Ephesus Border Tower,0,WOD_Border_Tower_04,,812,453,9,96,8120945396,Ephesus,812.0703125,-453.25
Gavaudon Border Tower,0,WOD_Scout_Tower_05,,982,271,17,50,9821727150,Gavaudon,982.1328125,-271.609375
Gavaudon Border Tower,0,WOD_Border_Tower_04,270,973,232,76,14,9737623214,Gavaudon,973.59375,-232.890625
Gavaudon Border Tower,0,WOD_Scout_Tower_05,,986,249,14,100,98614249100,Gavaudon,986.109375,-249.21875
Glenpoint Border Tower,0,WOD_Border_Tower_06,,177,69,18,106,1771869106,Glenpoint,177.140625,-69.171875
Glenpoint Border Tower,0,WOD_Border_Tower_06,,197,150,24,12,1972415012,Glenpoint,197.1875,-150.90625
Glenpoint Border Tower,0,WOD_Scout_Tower_01,,227,132,65,14,2276513214,Glenpoint,227.5078125,-132.890625
Glenpoint Border Tower,0,WOD_Border_Tower_06,,216,96,114,101,21611496101,Glenpoint,216.890625,-96.2109375
Glenpoint Border Tower,0,WOD_Border_Tower_06,,140,103,15,102,14015103102,Glenpoint,140.1171875,-103.203125
Glenpoint Border Tower,0,WOD_Border_Tower_06,,147,85,14,99,147148599,Glenpoint,147.109375,-85.2265625
Glenpoint Border Tower,0,WOD_Border_Tower_06,,149,67,10,54,149106754,Glenpoint,149.078125,-67.578125
Glenpoint Border Tower,0,WOD_Scout_Tower_01,,216,86,113,95,2161138695,Glenpoint,216.8828125,-86.2578125
Glenpoint Border Tower,0,WOD_Border_Tower_06,,148,71,10,124,1481071124,Glenpoint,148.078125,-71.03125
Glenpoint Border Tower,0,WOD_Border_Tower_06,,220,106,100,122,220100106122,Glenpoint,220.78125,-106.046875
Glenpoint Border Tower,0,WOD_Border_Tower_06,,181,67,115,116,18111567116,Glenpoint,181.8984375,-67.09375
Glenpoint Border Tower,0,WOD_Border_Tower_06,,136,151,36,10,1363615110,Glenpoint,136.28125,-151.921875
Glenpoint Border Tower,0,WOD_Scout_Tower_01,,148,76,15,52,148157652,Glenpoint,148.1171875,-76.59375
Glenpoint Border Tower,0,WOD_Border_Tower_06,,164,69,29,120,1642969120,Glenpoint,164.2265625,-69.0625
Glenpoint Border Tower,0,WOD_Border_Tower_06,,150,88,9,52,150098852,Glenpoint,150.0703125,-88.59375
Glenumbra Moors Border Towers,0,WOD_Scout_Tower_02,,147,76,118,106,14711876106,Glenumbra Moors,147.921875,-76.171875
Glenumbra Moors Border Towers,0,WOD_Scout_Tower_02,,146,61,120,99,1461206199,Glenumbra Moors,146.9375,-61.2265625
Glenumbra Moors Border Towers,0,WOD_Border_Tower_02,,66,87,100,123,6610087123,Glenumbra Moors,66.78125,-87.0390625
Glenumbra Moors Border Towers,0,WOD_Scout_Tower_02,,129,103,127,14,12912710314,Glenumbra Moors,129.9921875,-103.890625
Ilessan Hills Border Tower,0,WOD_Border_Tower_04,,346,64,116,50,3461166450,Ilessan Hills,346.90625,-64.609375
Ilessan Hills Border Tower,0,WOD_Scout_Tower_05,,255,131,22,15,2552213115,Ilessan Hills,255.171875,-131.8828125
Ilessan Hills Border Tower,0,WOD_Border_Tower_04,,337,99,23,12,337239912,Ilessan Hills,337.1796875,-99.90625
Ilessan Hills Border Tower,0,WOD_Border_Tower_04,,194,82,28,24,194288224,Ilessan Hills,194.21875,-82.8125
Ilessan Hills Border Tower,0,WOD_Scout_Tower_05,,238,124,50,101,23850124101,Ilessan Hills,238.390625,-124.2109375
Ilessan Hills Border Tower,0,WOD_Border_Tower_04,,284,52,73,120,2847352120,Ilessan Hills,284.5703125,-52.0625
Ilessan Hills Border Tower,0,WOD_Border_Tower_04,,241,66,79,123,2417966123,Ilessan Hills,241.6171875,-66.0390625
Ilessan Hills Border Tower,0,WOD_Scout_Tower_05,,212,79,74,36,212747936,Ilessan Hills,212.578125,-79.71875
Ilessan Hills Border Tower,0,WOD_Border_Tower_04,,319,99,23,13,319239913,Ilessan Hills,319.1796875,-99.8984375
Balfiera Border Tower,0,WOD_Balfiera_Scout_Tower_01,,678,202,27,42,6782720242,Isle of Balfiera,678.2109375,-202.671875
Balfiera Border Tower,0,WOD_Balfiera_Scout_Tower_01,270,651,206,83,55,6518320655,Isle of Balfiera,651.6484375,-206.5703125
Balfiera Border Tower,0,WOD_Balfiera_Scout_Tower_01,270,631,161,81,37,6318116137,Isle of Balfiera,631.6328125,-161.7109375
Kairou Border Tower,0,WOD_Border_Tower_Desert_01,90,243,428,70,113,24370428113,Kairou,243.546875,-428.1171875
Kairou Border Tower,2,WOD_Border_Tower_Desert_01,180,249,455,111,124,249111455124,Kairou,249.8671875,-455.03125
Kairou Border Tower,1,WOD_Scout_Tower_05,180,243,448,122,6,24312244806,Kairou,243.953125,-448.953125
Kambria Border Tower,0,WOD_Scout_Tower_02,270,641,86,1,22,641018622,Kambria,641.0078125,-86.828125
Kambria Border Tower,0,WOD_Scout_Tower_02,270,610,91,1,19,610019119,Kambria,610.0078125,-91.8515625
Kambria Border Tower,0,WOD_Border_Tower_02,,557,81,28,24,557288124,Kambria,557.21875,-81.8125
Kambria Border Tower,0,WOD_Border_Tower_02,,562,97,50,55,562509755,Kambria,562.390625,-97.5703125
Kambria Border Tower,0,WOD_Scout_Tower_02,270,626,87,77,17,626778717,Kambria,626.6015625,-87.8671875
Kambria Border Tower,0,WOD_Scout_Tower_02,270,651,85,47,52,651478552,Kambria,651.3671875,-85.59375
Koegria Border Tower,0,WOD_Border_Tower_04,,658,77,27,122,6582777122,Koegria,658.2109375,-77.046875
Koegria Border Tower,0,WOD_Border_Tower_04,270,711,88,79,12,711798812,Koegria,711.6171875,-88.90625
Koegria Border Tower,0,WOD_Border_Tower_04,,666,127,28,19,6662812719,Koegria,666.21875,-127.8515625
Koegria Border Tower,0,WOD_Scout_Tower_05,270,707,88,87,9,707878809,Koegria,707.6796875,-88.9296875
Koegria Border Tower,0,WOD_Scout_Tower_05,270,700,59,51,102,7005159102,Koegria,700.3984375,-59.203125
Koegria Border Tower,0,WOD_Scout_Tower_05,180,704,94,111,0,7041119400,Koegria,704.8671875,-95
Koegria Border Tower,0,WOD_Border_Tower_04,180,712,77,116,47,7121167747,Koegria,712.90625,-77.6328125
Koegria Border Tower,0,WOD_Scout_Tower_05,,656,53,24,105,6562453105,Koegria,656.1875,-53.1796875
Kozanset Border Tower,0,WOD_Border_Tower_05,90,721,313,26,115,72126313115,Kozanset,721.203125,-313.1015625
Lainlyn Border Tower,0,WOD_Border_Tower_04,,701,281,102,109,701102281109,Lainlyn,701.796875,-281.1484375
Lainlyn Border Tower,0,WOD_Border_Tower_04,,644,278,73,29,6447327829,Lainlyn,644.5703125,-278.7734375
Lainlyn Border Tower,0,WOD_Scout_Tower_05,,647,288,13,100,64713288100,Lainlyn,647.1015625,-288.21875
Lainlyn Border Tower,0,WOD_Border_Tower_04,,740,281,78,111,74078281111,Lainlyn,740.609375,-281.1328125
Lainlyn Border Tower,0,WOD_Scout_Tower_05,,684,284,99,58,6849928458,Lainlyn,684.7734375,-284.546875
Menevia Border Tower,0,WOD_Scout_Tower_02,180,828,218,115,51,82811521851,Menevia,828.8984375,-218.6015625
Menevia Border Tower,0,WOD_Border_Tower_02,180,850,142,120,82,85012014282,Menevia,850.9375,-142.359375
Menevia Border Tower,0,WOD_Border_Tower_02,,823,147,35,118,82335147118,Menevia,823.2734375,-147.078125
Menevia Border Tower,0,WOD_Scout_Tower_02,,837,211,28,17,8372821117,Menevia,837.21875,-211.8671875
Menevia Border Tower,0,WOD_Border_Tower_02,180,850,150,115,72,85011515072,Menevia,850.8984375,-150.4375
Menevia Border Tower,0,WOD_Border_Tower_02,180,849,173,118,108,849118173108,Menevia,849.921875,-173.15625
Menevia Border Tower,0,WOD_Border_Tower_02,180,849,166,116,49,84911616649,Menevia,849.90625,-166.6171875
Mournoth Border Tower,0,WOD_Border_Tower_01,270,877,329,12,14,8771232914,Mournoth,877.09375,-329.890625
Mournoth Border Tower,0,WOD_Border_Tower_01,,872,301,20,102,87220301102,Mournoth,872.15625,-301.203125
Mournoth Border Tower,0,WOD_Scout_Tower_01,270,917,331,13,18,9171333118,Mournoth,917.1015625,-331.859375
Mournoth Border Tower,0,WOD_Border_Tower_01,270,930,331,83,17,9308333117,Mournoth,930.6484375,-331.8671875
Mournoth Border Tower,0,WOD_Border_Tower_01,,999,352,46,100,99946352100,Mournoth,999.359375,-352.21875
Mournoth Border Tower,0,WOD_Border_Tower_01,,914,272,29,26,9142927226,Mournoth,914.2265625,-272.796875
Mournoth Border Tower,0,WOD_Border_Tower_01,270,909,330,8,19,9090833019,Mournoth,909.0625,-330.8515625
Myrkwasa Border Tower,0,WOD_Scout_Tower_03,90,259,421,74,120,25974421120,Myrkwasa,259.578125,-421.0625
Myrkwasa Border Tower,0,WOD_Border_Tower_Desert_04,270,290,447,19,6,2901944706,Myrkwasa,290.1484375,-447.953125
Myrkwasa Border Tower,0,WOD_Scout_Tower_03,180,307,434,120,51,30712043451,Myrkwasa,307.9375,-434.6015625
Myrkwasa Border Tower,0,WOD_Scout_Tower_03,180,310,396,108,24,31010839624,Myrkwasa,310.84375,-396.8125
Myrkwasa Border Tower,0,WOD_Border_Tower_Desert_04,,280,403,20,115,28020403115,Myrkwasa,280.15625,-403.1015625
Myrkwasa Border Tower,0,WOD_Border_Tower_Desert_04,180,308,390,118,54,30811839054,Myrkwasa,308.921875,-390.578125
Northmoor Border Tower,0,WOD_Border_Tower_05,,277,50,120,52,2771205052,Northmoor,277.9375,-50.59375
Northmoor Border Tower,0,WOD_Border_Tower_05,,126,42,67,32,126674232,Northmoor,126.5234375,-42.75
Northmoor Border Tower,0,WOD_Border_Tower_05,,123,44,118,44,1231184444,Northmoor,123.921875,-44.65625
Northmoor Border Tower,0,WOD_Scout_Tower_01,,267,65,78,15,267786515,Northmoor,267.609375,-65.8828125
Northmoor Border Tower,0,WOD_Border_Tower_05,,211,13,82,13,211821313,Northmoor,211.640625,-13.8984375
Northmoor Border Tower,0,WOD_Border_Tower_05,,195,65,26,9,195266509,Northmoor,195.203125,-65.9296875
Northmoor Border Tower,0,WOD_Border_Tower_05,,192,25,125,124,19212525124,Northmoor,192.9765625,-25.03125
Northmoor Border Tower,0,WOD_Border_Tower_05,,132,55,84,9,132845509,Northmoor,132.65625,-55.9296875
Northmoor Border Tower,0,WOD_Scout_Tower_01,,147,61,13,52,147136152,Northmoor,147.1015625,-61.59375
Phrygias Border Tower,0,WOD_Scout_Tower_02,,442,4,125,102,44212504102,Phrygias,442.9765625,-4.203125
Phrygias Border Tower,0,WOD_Border_Tower_02,,451,39,23,23,451233923,Phrygias,451.1796875,-39.8203125
Phrygias Border Tower,0,WOD_Scout_Tower_02,,531,13,79,14,531791314,Phrygias,531.6171875,-13.890625
Santaki Border Tower,0,WOD_Scout_Tower_05,90,649,409,28,113,64928409113,Santaki,649.21875,-409.1171875
Satakalaam Border Tower,0,WOD_Scout_Tower_02,270,825,317,106,8,82510631708,Satakalaam,825.828125,-317.9375
Satakalaam Border Tower,0,WOD_Border_Tower_02,,818,278,78,116,81878278116,Satakalaam,818.609375,-278.09375
Satakalaam Border Tower,0,WOD_Scout_Tower_02,270,780,314,82,14,7808231414,Satakalaam,780.640625,-314.890625
Satakalaam Border Tower,0,WOD_Scout_Tower_02,270,853,316,108,6,85310831606,Satakalaam,853.84375,-316.953125
Satakalaam Border Tower,0,WOD_Scout_Tower_02,,771,290,27,42,7712729042,Satakalaam,771.2109375,-290.671875
Satakalaam Border Tower,0,WOD_Scout_Tower_02,270,832,317,84,22,8328431722,Satakalaam,832.65625,-317.828125
Satakalaam Border Tower,0,WOD_Border_Tower_02,,857,281,81,104,85781281104,Satakalaam,857.6328125,-281.1875
Satakalaam Border Tower,0,WOD_Border_Tower_02,,798,276,74,32,7987427632,Satakalaam,798.578125,-276.75
Satakalaam Border Tower,0,WOD_Border_Tower_02,270,844,317,24,19,8442431719,Satakalaam,844.1875,-317.8515625
Sentinel Border Tower,0,WOD_Sentinel_Scout_Tower_01,180,445,372,108,99,44510837299,Sentinel,445.84375,-372.2265625
Sentinel Border Tower,0,WOD_Sentinel_Border_Tower_01,180,445,379,108,20,44510837920,Sentinel,445.84375,-379.84375
Sentinel Border Tower,0,WOD_Sentinel_Scout_Tower_01,180,444,388,122,22,44412238822,Sentinel,444.953125,-388.828125
Sentinel Border Tower,0,WOD_Sentinel_Scout_Tower_01,180,444,389,108,26,44410838926,Sentinel,444.84375,-389.796875
Sentinel Border Tower,0,WOD_Sentinel_Border_Tower_01,180,444,391,111,4,44411139104,Sentinel,444.8671875,-391.96875
Sentinel Border Tower,0,WOD_Sentinel_Scout_Tower_01,180,443,404,116,51,44311640451,Sentinel,443.90625,-404.6015625
Sentinel Border Tower,0,WOD_Sentinel_Border_Tower_01,180,444,417,108,54,44410841754,Sentinel,444.84375,-417.578125
Sentinel Border Tower,0,WOD_Sentinel_Border_Tower_01,180,444,418,3,24,4440341824,Sentinel,444.0234375,-418.8125
Sentinel Border Tower,0,WOD_Sentinel_Scout_Tower_01,270,429,419,31,17,4293141917,Sentinel,429.2421875,-419.8671875
Sentinel Border Tower,0,WOD_Sentinel_Scout_Tower_01,270,417,419,123,18,41712341918,Sentinel,417.9609375,-419.859375
Sentinel Border Tower,0,WOD_Sentinel_Scout_Tower_01,270,406,423,73,9,4067342309,Sentinel,406.5703125,-423.9296875
Sentinel Border Tower,0,WOD_Sentinel_Border_Tower_01,,401,413,5,51,4010541351,Sentinel,401.0390625,-413.6015625
Sentinel Border Tower,0,WOD_Sentinel_Border_Tower_01,270,384,408,73,8,3847340808,Sentinel,384.5703125,-408.9375
Sentinel Border Tower,0,WOD_Sentinel_Scout_Tower_01,270,358,412,108,6,35810841206,Sentinel,358.84375,-412.953125
Sentinel Border Tower,0,WOD_Sentinel_Border_Tower_01,270,349,412,72,5,3497241205,Sentinel,349.5625,-412.9609375
Sentinel Border Tower,0,WOD_Sentinel_Scout_Tower_01,270,325,405,76,14,3257640514,Sentinel,325.59375,-405.890625
Sentinel Border Tower,0,WOD_Sentinel_Border_Tower_01,,320,405,120,8,32012040508,Sentinel,320.9375,-405.9375
Sentinel Border Tower,0,WOD_Sentinel_Scout_Tower_01,,311,397,10,128,31110397128,Sentinel,311.078125,-397
Sentinel Border Tower,0,WOD_Sentinel_Border_Tower_01,,313,387,70,120,31370387120,Sentinel,313.546875,-387.0625
Sentinel Border Tower,0,WOD_Sentinel_Border_Tower_01,,310,385,78,108,31078385108,Sentinel,310.609375,-385.15625
Sentinel Border Tower,0,WOD_Sentinel_Border_Tower_01,,318,383,70,91,3187038391,Sentinel,318.546875,-383.2890625
Sentinel Border Tower,0,WOD_Sentinel_Border_Tower_01,,323,379,108,56,32310837956,Sentinel,323.84375,-379.5625
Sentinel Border Tower,0,WOD_Sentinel_Border_Tower_01,,328,376,82,111,32882376111,Sentinel,328.640625,-376.1328125
Sentinel Border Tower,0,WOD_Sentinel_Border_Tower_01,,331,372,31,100,33131372100,Sentinel,331.2421875,-372.21875
Sentinel Border Tower,0,WOD_Sentinel_Border_Tower_01,,337,367,74,110,33774367110,Sentinel,337.578125,-367.140625
Sentinel Border Tower,0,WOD_Sentinel_Border_Tower_01,,342,364,79,91,3427936491,Sentinel,342.6171875,-364.2890625
Sentinel Border Tower,0,WOD_Sentinel_Border_Tower_01,,348,361,29,44,3482936144,Sentinel,348.2265625,-361.65625
Sentinel Border Tower,0,WOD_Sentinel_Border_Tower_01,,347,358,19,105,34719358105,Sentinel,347.1484375,-358.1796875
Sentinel Border Tower,0,WOD_Sentinel_Border_Tower_01,,348,356,37,100,34837356100,Sentinel,348.2890625,-356.21875
Sentinel Border Tower,0,WOD_Sentinel_Border_Tower_01,,354,357,13,109,35413357109,Sentinel,354.1015625,-357.1484375
Sentinel Border Tower,0,WOD_Sentinel_Border_Tower_01,,367,354,35,95,3673535495,Sentinel,367.2734375,-354.2578125
Sentinel Border Tower,0,WOD_Sentinel_Border_Tower_01,,370,349,44,96,3704434996,Sentinel,370.34375,-349.25
Sentinel Border Tower,0,WOD_Sentinel_Border_Tower_01,,382,345,82,113,38282345113,Sentinel,382.640625,-345.1171875
Sentinel Border Tower,0,WOD_Sentinel_Border_Tower_01,,389,342,84,115,38984342115,Sentinel,389.65625,-342.1015625
Sentinel Border Tower,0,WOD_Sentinel_Border_Tower_01,,395,341,1,108,39501341108,Sentinel,395.0078125,-341.15625
Sentinel Border Tower,0,WOD_Sentinel_Border_Tower_01,,398,342,114,110,398114342110,Sentinel,398.890625,-342.140625
Sentinel Border Tower,0,WOD_Sentinel_Border_Tower_01,,401,343,101,38,40110134338,Sentinel,401.7890625,-343.703125
Sentinel Border Tower,0,WOD_Sentinel_Border_Tower_01,,402,345,91,47,4029134547,Sentinel,402.7109375,-345.6328125
Sentinel Border Tower,0,WOD_Sentinel_Border_Tower_01,,400,346,99,59,4009934659,Sentinel,400.7734375,-346.5390625
Sentinel Border Tower,0,WOD_Sentinel_Border_Tower_01,,396,341,105,63,39610534163,Sentinel,396.8203125,-341.5078125
Sentinel Border Tower,0,WOD_Sentinel_Border_Tower_01,,395,349,100,19,39510034919,Sentinel,395.78125,-349.8515625
Sentinel Border Tower,0,WOD_Sentinel_Border_Tower_01,,383,369,73,114,38373369114,Sentinel,383.5703125,-369.109375
Sentinel Border Tower,0,WOD_Sentinel_Border_Tower_01,,395,369,95,96,3959536996,Sentinel,395.7421875,-369.25
Sentinel Border Tower,0,WOD_Sentinel_Border_Tower_01,,399,370,82,111,39982370111,Sentinel,399.640625,-370.1328125
Sentinel Border Tower,0,WOD_Sentinel_Border_Tower_01,,406,373,76,109,40676373109,Sentinel,406.59375,-373.1484375
Sentinel Border Tower,0,WOD_Sentinel_Border_Tower_01,,410,372,82,99,4108237299,Sentinel,410.640625,-372.2265625
Sentinel Border Tower,0,WOD_Sentinel_Border_Tower_01,,414,373,104,108,414104373108,Sentinel,414.8125,-373.15625
Sentinel Border Tower,0,WOD_Sentinel_Border_Tower_01,,419,374,8,104,41908374104,Sentinel,419.0625,-374.1875
Sentinel Border Tower,0,WOD_Sentinel_Border_Tower_01,,423,373,6,104,42306373104,Sentinel,423.046875,-373.1875
Sentinel Border Tower,0,WOD_Sentinel_Border_Tower_01,,426,373,17,106,42617373106,Sentinel,426.1328125,-373.171875
Sentinel Border Tower,0,WOD_Sentinel_Border_Tower_01,,428,373,33,106,42833373106,Sentinel,428.2578125,-373.171875
Sentinel Border Tower,0,WOD_Sentinel_Border_Tower_01,,434,374,67,106,43467374106,Sentinel,434.5234375,-374.171875
Sentinel Border Tower,0,WOD_Sentinel_Border_Tower_01,,439,371,29,13,4392937113,Sentinel,439.2265625,-371.8984375
Sentinel Border Tower,0,WOD_Sentinel_Border_Tower_01,,440,370,83,105,44083370105,Sentinel,440.6484375,-370.1796875
Sentinel Border Tower,0,WOD_Sentinel_Border_Tower_01,,444,370,55,108,44455370108,Sentinel,444.4296875,-370.15625
Sentinel Border Tower,0,WOD_Sentinel_Border_Tower_01,,382,362,102,110,382102362110,Sentinel,382.796875,-362.140625
Sentinel Border Tower,0,WOD_Sentinel_Border_Tower_01,,387,354,90,90,3879035490,Sentinel,387.703125,-354.296875
Sentinel Border Tower,0,WOD_Sentinel_Border_Tower_01,,393,351,55,23,3935535123,Sentinel,393.4296875,-351.8203125
Sentinel Border Tower,0,WOD_Sentinel_Border_Tower_01,,403,327,87,88,4038732788,Sentinel,403.6796875,-327.3125
Sentinel Border Tower,0,WOD_Sentinel_Border_Tower_01,,403,323,90,79,4039032379,Sentinel,403.703125,-323.3828125
Sentinel Border Tower,0,WOD_Sentinel_Border_Tower_01,,407,325,79,44,4077932544,Sentinel,407.6171875,-325.65625
Sentinel Border Tower,0,WOD_Sentinel_Border_Tower_01,,408,329,63,100,40863329100,Sentinel,408.4921875,-329.21875
Sentinel Border Tower,0,WOD_Sentinel_Border_Tower_01,,316,384,118,18,31611838418,Sentinel,316.921875,-384.859375
Sentinel Border Tower,0,WOD_Sentinel_Border_Tower_01,,309,390,83,108,30983390108,Sentinel,309.6484375,-390.15625
Sentinel Border Tower,0,WOD_Sentinel_Border_Tower_01,,308,388,20,38,3082038838,Sentinel,308.15625,-388.703125
Sentinel Border Tower,0,WOD_Sentinel_Border_Tower_01,,310,393,51,42,3105139342,Sentinel,310.3984375,-393.671875
Sentinel Border Tower,0,WOD_Sentinel_Border_Tower_01,,312,399,20,82,3122039982,Sentinel,312.15625,-399.359375
Sentinel Border Tower,0,WOD_Sentinel_Border_Tower_01,,314,402,20,78,3142040278,Sentinel,314.15625,-402.390625
Sentinel Border Tower,0,WOD_Sentinel_Border_Tower_01,,316,404,46,27,3164640427,Sentinel,316.359375,-404.7890625
Sentinel Border Tower,0,WOD_Sentinel_Border_Tower_01,270,320,405,3,14,3200340514,Sentinel,320.0234375,-405.890625
Sentinel Border Tower,0,WOD_Sentinel_Border_Tower_01,270,328,405,104,17,32810440517,Sentinel,328.8125,-405.8671875
Sentinel Border Tower,0,WOD_Sentinel_Border_Tower_01,270,334,405,69,12,3346940512,Sentinel,334.5390625,-405.90625
Sentinel Border Tower,0,WOD_Sentinel_Border_Tower_01,,337,408,15,122,33715408122,Sentinel,337.1171875,-408.046875
Sentinel Border Tower,0,WOD_Sentinel_Border_Tower_01,,338,411,18,50,3381841150,Sentinel,338.140625,-411.609375
Sentinel Border Tower,0,WOD_Sentinel_Border_Tower_01,270,340,412,105,15,34010541215,Sentinel,340.8203125,-412.8828125
Sentinel Border Tower,0,WOD_Sentinel_Border_Tower_01,270,347,412,78,12,3477841212,Sentinel,347.609375,-412.90625
Sentinel Border Tower,0,WOD_Sentinel_Border_Tower_01,270,353,412,77,8,3537741208,Sentinel,353.6015625,-412.9375
Sentinel Border Tower,0,WOD_Sentinel_Border_Tower_01,270,356,412,90,14,3569041214,Sentinel,356.703125,-412.890625
Sentinel Border Tower,0,WOD_Sentinel_Border_Tower_01,270,362,411,64,15,3626441115,Sentinel,362.5,-411.8828125
Sentinel Border Tower,0,WOD_Sentinel_Border_Tower_01,270,366,409,47,14,3664740914,Sentinel,366.3671875,-409.890625
Sentinel Border Tower,0,WOD_Sentinel_Border_Tower_01,270,373,408,5,17,3730540817,Sentinel,373.0390625,-408.8671875
Sentinel Border Tower,0,WOD_Sentinel_Border_Tower_01,270,382,408,5,13,3820540813,Sentinel,382.0390625,-408.8984375
Sentinel Border Tower,0,WOD_Sentinel_Border_Tower_01,270,388,408,58,8,3885840808,Sentinel,388.453125,-408.9375
Sentinel Border Tower,0,WOD_Sentinel_Border_Tower_01,270,392,408,73,4,3927340804,Sentinel,392.5703125,-408.96875
Sentinel Border Tower,0,WOD_Sentinel_Border_Tower_01,270,397,409,27,9,3972740909,Sentinel,397.2109375,-409.9296875
Sentinel Border Tower,0,WOD_Sentinel_Border_Tower_01,,401,417,6,4,4010641704,Sentinel,401.046875,-417.96875
Sentinel Border Tower,0,WOD_Sentinel_Border_Tower_01,,401,421,12,56,4011242156,Sentinel,401.09375,-421.5625
Sentinel Border Tower,0,WOD_Sentinel_Border_Tower_01,,403,423,14,108,40314423108,Sentinel,403.109375,-423.15625
Sentinel Border Tower,0,WOD_Sentinel_Border_Tower_01,180,413,421,109,51,41310942151,Sentinel,413.8515625,-421.6015625
Sentinel Border Tower,0,WOD_Sentinel_Border_Tower_01,270,421,419,18,17,4211841917,Sentinel,421.140625,-419.8671875
Sentinel Border Tower,0,WOD_Sentinel_Border_Tower_01,270,426,419,4,10,4260441910,Sentinel,426.03125,-419.921875
Sentinel Border Tower,0,WOD_Sentinel_Border_Tower_01,270,433,419,125,14,43312541914,Sentinel,433.9765625,-419.890625
Sentinel Border Tower,0,WOD_Sentinel_Border_Tower_01,270,438,420,67,9,4386742009,Sentinel,438.5234375,-420.9296875
Sentinel Border Tower,0,WOD_Sentinel_Border_Tower_01,270,441,419,93,13,4419341913,Sentinel,441.7265625,-419.8984375
Sentinel Border Tower,0,WOD_Sentinel_Border_Tower_01,180,443,413,115,68,44311541368,Sentinel,443.8984375,-413.46875
Sentinel Border Tower,0,WOD_Sentinel_Border_Tower_01,180,443,409,115,74,44311540974,Sentinel,443.8984375,-409.421875
Sentinel Border Tower,0,WOD_Sentinel_Border_Tower_01,180,443,401,111,56,44311140156,Sentinel,443.8671875,-401.5625
Sentinel Border Tower,0,WOD_Sentinel_Border_Tower_01,180,443,397,114,13,44311439713,Sentinel,443.890625,-397.8984375
Sentinel Border Tower,0,WOD_Sentinel_Border_Tower_01,180,444,384,99,74,4449938474,Sentinel,444.7734375,-384.421875
Sentinel Border Tower,0,WOD_Sentinel_Border_Tower_01,180,445,374,120,54,44512037454,Sentinel,445.9375,-374.578125
Shalgora Border Tower,0,WOD_Border_Tower_01,,271,132,125,36,27112513236,Shalgora,271.9765625,-132.71875
Shalgora Border Tower,0,WOD_Border_Tower_01,,267,126,24,128,26724126128,Shalgora,267.1875,-126
Shalgora Border Tower,0,WOD_Scout_Tower_01,,267,115,122,127,267122115127,Shalgora,267.953125,-115.0078125
Shalgora Border Tower,0,WOD_Border_Tower_01,270,321,208,5,18,3210520818,Shalgora,321.0390625,-208.859375
Shalgora Border Tower,0,WOD_Scout_Tower_01,,344,103,113,17,34411310317,Shalgora,344.8828125,-103.8671875
Shalgora Border Tower,0,WOD_Scout_Tower_01,,290,111,93,111,29093111111,Shalgora,290.7265625,-111.1328125
Shalgora Border Tower,0,WOD_Border_Tower_01,90,307,100,46,108,30746100108,Shalgora,307.359375,-100.15625
Shalgora Border Tower,0,WOD_Border_Tower_01,,295,166,127,27,29512716627,Shalgora,295.9921875,-166.7890625
Tigonus Border Tower,0,WOD_Scout_Tower_02,270,519,362,84,20,5198436220,Tigonus,519.65625,-362.84375
Tigonus Border Tower,0,WOD_Border_Tower_Desert_03,,517,312,76,95,5177631295,Tigonus,517.59375,-312.2578125
Tigonus Border Tower,0,WOD_Scout_Tower_02,180,610,375,109,105,610109375105,Tigonus,610.8515625,-375.1796875
Tigonus Border Tower,0,WOD_Border_Tower_Desert_03,,553,297,20,116,55320297116,Tigonus,553.15625,-297.09375
Tigonus Border Tower,0,WOD_Border_Tower_Desert_03,,471,360,31,67,4713136067,Tigonus,471.2421875,-360.4765625
Tigonus Border Tower,0,WOD_Scout_Tower_02,270,602,386,5,29,6020538629,Tigonus,602.0390625,-386.7734375
Tigonus Border Tower,0,WOD_Border_Tower_02,180,608,369,116,120,608116369120,Tigonus,608.90625,-369.0625
Totambu Border Tower,0,WOD_Scout_Tower_01,180,872,326,115,109,872115326109,Totambu,872.8984375,-326.1484375
Totambu Border Tower,0,WOD_Border_Tower_06,90,877,330,70,116,87770330116,Totambu,877.546875,-330.09375
Totambu Border Tower,0,WOD_Scout_Tower_01,180,938,340,114,55,93811434055,Totambu,938.890625,-340.5703125
Totambu Border Tower,0,WOD_Border_Tower_06,,723,355,125,113,723125355113,Totambu,723.9765625,-355.1171875
Totambu Border Tower,0,WOD_Scout_Tower_01,,795,376,24,18,7952437618,Totambu,795.1875,-376.859375
Totambu Border Tower,0,WOD_Scout_Tower_01,,733,341,8,106,73308341106,Totambu,733.0625,-341.171875
Totambu Border Tower,0,WOD_Border_Tower_06,90,805,319,73,114,80573319114,Totambu,805.5703125,-319.109375
Totambu Border Tower,0,WOD_Border_Tower_06,180,937,383,120,56,93712038356,Totambu,937.9375,-383.5625
Totambu Border Tower,0,WOD_Scout_Tower_01,270,881,392,74,10,8817439210,Totambu,881.578125,-392.921875
Tulune Border Tower,0,WOD_Scout_Tower_05,,73,105,127,113,73127105113,Tulune,73.9921875,-105.1171875
Tulune Border Tower,0,WOD_Border_Tower_04,,71,130,4,100,7104130100,Tulune,71.03125,-130.21875
Tulune Border Tower,0,WOD_Border_Tower_04,,76,165,108,6,7610816506,Tulune,76.84375,-165.953125
Tulune Border Tower,0,WOD_Scout_Tower_05,,85,100,82,105,8582100105,Tulune,85.640625,-100.1796875
Urvaius Border Tower,0,WOD_Scout_Tower_05,,418,85,76,101,4187685101,Urvaius,418.59375,-85.2109375
Urvaius Border Tower,0,WOD_Border_Tower_04,180,486,43,113,50,4861134350,Urvaius,486.8828125,-43.609375
Urvaius Border Tower,0,WOD_Scout_Tower_05,270,496,131,104,26,49610413126,Urvaius,496.8125,-131.796875
Urvaius Border Tower,0,WOD_Scout_Tower_05,,420,53,38,44,420385344,Urvaius,420.296875,-53.65625
Urvaius Border Tower,0,WOD_Border_Tower_04,180,499,112,104,106,499104112106,Urvaius,499.8125,-112.171875
Urvaius Border Tower,0,WOD_Scout_Tower_05,180,490,93,84,27,490849327,Urvaius,490.65625,-93.7890625
Urvaius Border Tower,0,WOD_Scout_Tower_05,180,493,100,82,76,4938210076,Urvaius,493.640625,-100.40625
Urvaius Border Tower,0,WOD_Border_Tower_04,90,463,42,74,108,4637442108,Urvaius,463.578125,-42.15625
Wayrest Border Tower,0,WOD_Wayrest_Scout_Tower_01,,829,218,14,104,82914218104,Wayrest,829.109375,-218.1875
Wayrest Border Tower,0,WOD_Wayrest_Border_Tower_01,,828,216,10,60,8281021660,Wayrest,828.078125,-216.53125
Wayrest Border Tower,0,WOD_Wayrest_Border_Tower_01,,828,215,10,102,82810215102,Wayrest,828.078125,-215.203125
Wayrest Border Tower,0,WOD_Wayrest_Border_Tower_01,,828,213,10,17,8281021317,Wayrest,828.078125,-213.8671875
Wayrest Border Tower,0,WOD_Wayrest_Border_Tower_01,,828,212,10,59,8281021259,Wayrest,828.078125,-212.5390625
Wayrest Border Tower,0,WOD_Wayrest_Border_Tower_01,,828,211,9,56,8280921156,Wayrest,828.0703125,-211.5625
Wayrest Border Tower,0,WOD_Wayrest_Border_Tower_01,,829,209,5,40,8290520940,Wayrest,829.0390625,-209.6875
Wayrest Border Tower,0,WOD_Wayrest_Border_Tower_01,90,831,208,12,115,83112208115,Wayrest,831.09375,-208.1015625
Wayrest Border Tower,0,WOD_Wayrest_Scout_Tower_01,180,832,208,108,24,83210820824,Wayrest,832.84375,-208.8125
Wayrest Border Tower,0,WOD_Wayrest_Scout_Tower_01,180,834,210,119,101,834119210101,Wayrest,834.9296875,-210.2109375
Wayrest Border Tower,0,WOD_Wayrest_Scout_Tower_01,90,837,212,70,120,83770212120,Wayrest,837.546875,-212.0625
Wayrest Border Tower,0,WOD_Wayrest_Border_Tower_01,90,838,213,125,115,838125213115,Wayrest,838.9765625,-213.1015625
Wayrest Border Tower,0,WOD_Wayrest_Border_Tower_01,90,841,213,64,118,84164213118,Wayrest,841.5,-213.078125
Wayrest Border Tower,0,WOD_Wayrest_Border_Tower_01,90,844,213,42,118,84442213118,Wayrest,844.328125,-213.078125
Wayrest Border Tower,0,WOD_Wayrest_Border_Tower_01,90,846,213,26,120,84626213120,Wayrest,846.203125,-213.0625
Wayrest Border Tower,0,WOD_Wayrest_Border_Tower_01,90,849,213,26,118,84926213118,Wayrest,849.203125,-213.078125
Wayrest Border Tower,0,WOD_Wayrest_Scout_Tower_01,,850,213,55,105,85055213105,Wayrest,850.4296875,-213.1796875
Wayrest Border Tower,0,WOD_Wayrest_Border_Tower_01,,852,214,8,111,85208214111,Wayrest,852.0625,-214.1328125
Wayrest Border Tower,0,WOD_Wayrest_Border_Tower_01,,854,212,17,49,8541721249,Wayrest,854.1328125,-212.6171875
Wayrest Border Tower,0,WOD_Wayrest_Border_Tower_01,,855,209,18,50,8551820950,Wayrest,855.140625,-209.609375
Wayrest Border Tower,0,WOD_Wayrest_Border_Tower_01,,854,206,18,61,8541820661,Wayrest,854.140625,-206.5234375
Wayrest Border Tower,0,WOD_Wayrest_Border_Tower_01,,851,203,50,27,8515020327,Wayrest,851.390625,-203.7890625
Wayrest Border Tower,0,WOD_Wayrest_Border_Tower_01,,848,200,70,20,8487020020,Wayrest,848.546875,-200.84375
Wayrest Border Tower,0,WOD_Wayrest_Border_Tower_01,,847,199,13,101,84713199101,Wayrest,847.1015625,-199.2109375
Wayrest Border Tower,0,WOD_Wayrest_Scout_Tower_01,,846,195,8,23,8460819523,Wayrest,846.0625,-195.8203125
Wayrest Border Tower,0,WOD_Wayrest_Border_Tower_01,,846,193,10,55,8461019355,Wayrest,846.078125,-193.5703125
Wayrest Border Tower,0,WOD_Wayrest_Border_Tower_01,,846,190,42,92,8464219092,Wayrest,846.328125,-190.28125
Wayrest Border Tower,0,WOD_Wayrest_Border_Tower_01,,848,188,9,61,8480918861,Wayrest,848.0703125,-188.5234375
Wayrest Border Tower,0,WOD_Wayrest_Border_Tower_01,,850,187,10,54,8501018754,Wayrest,850.078125,-187.578125
Wayrest Border Tower,0,WOD_Wayrest_Scout_Tower_01,,851,184,15,108,85115184108,Wayrest,851.1171875,-184.15625
Wayrest Border Tower,0,WOD_Wayrest_Border_Tower_01,90,851,182,60,119,85160182119,Wayrest,851.46875,-182.0703125
Wayrest Border Tower,0,WOD_Wayrest_Border_Tower_01,90,852,183,73,123,85273183123,Wayrest,852.5703125,-183.0390625
Wayrest Border Tower,0,WOD_Wayrest_Border_Tower_01,90,854,183,100,123,854100183123,Wayrest,854.78125,-183.0390625
Wayrest Border Tower,0,WOD_Wayrest_Border_Tower_01,90,856,183,45,120,85645183120,Wayrest,856.3515625,-183.0625
Wayrest Border Tower,0,WOD_Wayrest_Border_Tower_01,90,857,184,40,120,85740184120,Wayrest,857.3125,-184.0625
Wayrest Border Tower,0,WOD_Wayrest_Border_Tower_01,90,859,184,3,122,85903184122,Wayrest,859.0234375,-184.046875
Wayrest Border Tower,0,WOD_Wayrest_Border_Tower_01,90,860,184,69,122,86069184122,Wayrest,860.5390625,-184.046875
Wayrest Border Tower,0,WOD_Wayrest_Border_Tower_01,90,861,184,70,122,86170184122,Wayrest,861.546875,-184.046875
Wayrest Border Tower,0,WOD_Wayrest_Border_Tower_01,90,862,184,78,124,86278184124,Wayrest,862.609375,-184.03125
Wayrest Border Tower,0,WOD_Wayrest_Border_Tower_01,90,864,184,38,119,86438184119,Wayrest,864.296875,-184.0703125
Wayrest Border Tower,0,WOD_Wayrest_Border_Tower_01,90,865,184,115,124,865115184124,Wayrest,865.8984375,-184.03125
Wayrest Border Tower,0,WOD_Wayrest_Border_Tower_01,90,867,184,47,122,86747184122,Wayrest,867.3671875,-184.046875
Wayrest Border Tower,0,WOD_Wayrest_Border_Tower_01,90,869,184,17,123,86917184123,Wayrest,869.1328125,-184.0390625
Wayrest Border Tower,0,WOD_Wayrest_Border_Tower_01,90,870,184,78,120,87078184120,Wayrest,870.609375,-184.0625
Wayrest Border Tower,0,WOD_Wayrest_Border_Tower_01,90,872,183,24,119,87224183119,Wayrest,872.1875,-183.0703125
Wayrest Border Tower,0,WOD_Wayrest_Border_Tower_01,90,873,182,27,122,87327182122,Wayrest,873.2109375,-182.046875
Wayrest Border Tower,0,WOD_Wayrest_Border_Tower_01,90,876,182,14,119,87614182119,Wayrest,876.109375,-182.0703125
Wayrest Border Tower,0,WOD_Wayrest_Border_Tower_01,90,877,182,128,120,877128182120,Wayrest,878,-182.0625
Wayrest Border Tower,0,WOD_Wayrest_Border_Tower_01,90,880,182,27,116,88027182116,Wayrest,880.2109375,-182.09375
Wayrest Border Tower,0,WOD_Wayrest_Border_Tower_01,90,882,182,63,123,88263182123,Wayrest,882.4921875,-182.0390625
Wayrest Border Tower,0,WOD_Wayrest_Border_Tower_01,90,884,182,105,119,884105182119,Wayrest,884.8203125,-182.0703125
Wayrest Border Tower,0,WOD_Wayrest_Border_Tower_01,90,886,182,97,122,88697182122,Wayrest,886.7578125,-182.046875
Wayrest Border Tower,0,WOD_Wayrest_Border_Tower_01,90,889,182,8,122,88908182122,Wayrest,889.0625,-182.046875
Wayrest Border Tower,0,WOD_Wayrest_Border_Tower_01,90,890,182,118,124,890118182124,Wayrest,890.921875,-182.03125
Wayrest Border Tower,0,WOD_Wayrest_Border_Tower_01,180,892,182,120,105,892120182105,Wayrest,892.9375,-182.1796875
Wayrest Border Tower,0,WOD_Wayrest_Border_Tower_01,180,893,183,120,101,893120183101,Wayrest,893.9375,-183.2109375
Wayrest Border Tower,0,WOD_Wayrest_Border_Tower_01,90,894,184,69,120,89469184120,Wayrest,894.5390625,-184.0625
Wayrest Border Tower,0,WOD_Wayrest_Border_Tower_01,90,894,184,33,123,89433184123,Wayrest,894.2578125,-184.0390625
Wayrest Border Tower,0,WOD_Wayrest_Border_Tower_01,90,896,184,3,120,89603184120,Wayrest,896.0234375,-184.0625
Wayrest Border Tower,0,WOD_Wayrest_Border_Tower_01,90,898,184,29,120,89829184120,Wayrest,898.2265625,-184.0625
Wayrest Border Tower,0,WOD_Wayrest_Border_Tower_01,90,900,184,17,119,90017184119,Wayrest,900.1328125,-184.0703125
Wayrest Border Tower,0,WOD_Wayrest_Border_Tower_01,90,902,184,14,116,90214184116,Wayrest,902.109375,-184.09375
Wayrest Border Tower,0,WOD_Wayrest_Border_Tower_01,90,903,184,95,120,90395184120,Wayrest,903.7421875,-184.0625
Wayrest Border Tower,0,WOD_Wayrest_Border_Tower_01,90,908,184,24,120,90824184120,Wayrest,908.1875,-184.0625
Wayrest Border Tower,0,WOD_Wayrest_Border_Tower_01,90,908,184,73,122,90873184122,Wayrest,908.5703125,-184.046875
Wayrest Border Tower,0,WOD_Wayrest_Border_Tower_01,90,910,184,26,119,91026184119,Wayrest,910.203125,-184.0703125
Wayrest Border Tower,0,WOD_Wayrest_Border_Tower_01,90,911,184,120,118,911120184118,Wayrest,911.9375,-184.078125
Wayrest Border Tower,0,WOD_Wayrest_Border_Tower_01,90,912,185,81,120,91281185120,Wayrest,912.6328125,-185.0625
Wayrest Border Tower,0,WOD_Wayrest_Border_Tower_01,90,914,185,55,118,91455185118,Wayrest,914.4296875,-185.078125
Wayrest Border Tower,0,WOD_Wayrest_Border_Tower_01,180,915,186,122,65,91512218665,Wayrest,915.953125,-186.4921875
Wayrest Border Tower,0,WOD_Wayrest_Border_Tower_01,180,916,187,119,41,91611918741,Wayrest,916.9296875,-187.6796875
Wayrest Border Tower,0,WOD_Wayrest_Border_Tower_01,180,917,189,120,37,91712018937,Wayrest,917.9375,-189.7109375
Wayrest Border Tower,0,WOD_Wayrest_Border_Tower_01,180,919,191,31,116,91931191116,Wayrest,919.2421875,-191.09375
Wayrest Border Tower,0,WOD_Wayrest_Border_Tower_01,180,921,194,119,105,921119194105,Wayrest,921.9296875,-194.1796875
Wayrest Border Tower,0,WOD_Wayrest_Border_Tower_01,180,923,196,122,92,92312219692,Wayrest,923.953125,-196.28125
Wayrest Border Tower,0,WOD_Wayrest_Border_Tower_01,180,925,198,119,119,925119198119,Wayrest,925.9296875,-198.0703125
Wayrest Border Tower,0,WOD_Wayrest_Border_Tower_01,90,926,199,31,120,92631199120,Wayrest,926.2421875,-199.0625
Wayrest Border Tower,0,WOD_Wayrest_Border_Tower_01,90,928,201,44,123,92844201123,Wayrest,928.34375,-201.0390625
Wayrest Border Tower,0,WOD_Wayrest_Border_Tower_01,180,930,202,108,24,93010820224,Wayrest,930.84375,-202.8125
Wayrest Border Tower,0,WOD_Wayrest_Border_Tower_01,90,933,204,33,119,93333204119,Wayrest,933.2578125,-204.0703125
Wayrest Border Tower,0,WOD_Wayrest_Border_Tower_01,90,936,205,31,120,93631205120,Wayrest,936.2421875,-205.0625
Wayrest Border Tower,0,WOD_Wayrest_Border_Tower_01,90,938,206,31,124,93831206124,Wayrest,938.2421875,-206.03125
Wayrest Border Tower,0,WOD_Wayrest_Border_Tower_01,180,939,206,108,29,93910820629,Wayrest,939.84375,-206.7734375
Wayrest Border Tower,0,WOD_Wayrest_Border_Tower_01,180,941,207,119,32,94111920732,Wayrest,941.9296875,-207.75
Wayrest Border Tower,0,WOD_Wayrest_Border_Tower_01,90,945,209,88,118,94588209118,Wayrest,945.6875,-209.078125
Wayrest Border Tower,0,WOD_Wayrest_Border_Tower_01,90,949,209,14,118,94914209118,Wayrest,949.109375,-209.078125
Wayrest Border Tower,0,WOD_Wayrest_Border_Tower_01,90,953,209,99,119,95399209119,Wayrest,953.7734375,-209.0703125
Wayrest Border Tower,0,WOD_Wayrest_Border_Tower_01,90,957,209,19,116,95719209116,Wayrest,957.1484375,-209.09375
Wayrest Border Tower,0,WOD_Wayrest_Scout_Tower_01,90,959,210,26,115,95926210115,Wayrest,959.203125,-210.1015625
Wayrest Border Tower,0,WOD_Wayrest_Border_Tower_01,180,960,212,122,33,96012221233,Wayrest,960.953125,-212.7421875
Wayrest Border Tower,0,WOD_Wayrest_Border_Tower_01,180,960,216,119,96,96011921696,Wayrest,960.9296875,-216.25
Wayrest Border Tower,0,WOD_Wayrest_Border_Tower_01,180,961,219,120,35,96112021935,Wayrest,961.9375,-219.7265625
Wayrest Border Tower,0,WOD_Wayrest_Border_Tower_01,180,961,222,119,61,96111922261,Wayrest,961.9296875,-222.5234375
Wayrest Border Tower,0,WOD_Wayrest_Border_Tower_01,180,962,225,122,83,96212222583,Wayrest,962.953125,-225.3515625
Wayrest Border Tower,0,WOD_Wayrest_Border_Tower_01,180,962,229,120,115,962120229115,Wayrest,962.9375,-229.1015625
Wayrest Border Tower,0,WOD_Wayrest_Scout_Tower_01,180,961,231,108,24,96110823124,Wayrest,961.84375,-231.8125
Wayrest Border Tower,0,WOD_Wayrest_Border_Tower_01,180,967,232,115,77,96711523277,Wayrest,967.8984375,-232.3984375
Wayrest Border Tower,0,WOD_Wayrest_Border_Tower_01,90,973,233,29,114,97329233114,Wayrest,973.2265625,-233.109375
Wayrest Border Tower,0,WOD_Wayrest_Border_Tower_01,180,977,233,115,29,97711523329,Wayrest,977.8984375,-233.7734375
Wayrest Border Tower,0,WOD_Wayrest_Border_Tower_01,180,979,236,119,55,97911923655,Wayrest,979.9296875,-236.5703125
Wayrest Border Tower,0,WOD_Wayrest_Border_Tower_01,90,983,238,42,111,98342238111,Wayrest,983.328125,-238.1328125
Wayrest Border Tower,0,WOD_Wayrest_Border_Tower_01,90,985,239,55,104,98555239104,Wayrest,985.4296875,-239.1875
Wayrest Border Tower,0,WOD_Wayrest_Border_Tower_01,180,986,243,119,116,986119243116,Wayrest,986.9296875,-243.09375
Wayrest Border Tower,0,WOD_Wayrest_Border_Tower_01,180,986,246,115,18,98611524618,Wayrest,986.8984375,-246.859375
Wayrest Border Tower,0,WOD_Wayrest_Scout_Tower_01,180,985,249,118,56,98511824956,Wayrest,985.921875,-249.5625
Wayrest Border Tower,0,WOD_Wayrest_Border_Tower_01,180,984,253,118,54,98411825354,Wayrest,984.921875,-253.578125
Wayrest Border Tower,0,WOD_Wayrest_Border_Tower_01,180,983,256,124,99,98312425699,Wayrest,983.96875,-256.2265625
Wayrest Border Tower,0,WOD_Wayrest_Scout_Tower_01,180,983,257,109,20,98310925720,Wayrest,983.8515625,-257.84375
Wayrest Border Tower,0,WOD_Wayrest_Border_Tower_01,180,983,261,115,91,98311526191,Wayrest,983.8984375,-261.2890625
Wayrest Border Tower,0,WOD_Wayrest_Border_Tower_01,180,983,264,114,42,98311426442,Wayrest,983.890625,-264.671875
Wayrest Border Tower,0,WOD_Wayrest_Border_Tower_01,180,981,268,120,52,98112026852,Wayrest,981.9375,-268.59375
Wayrest Border Tower,0,WOD_Wayrest_Scout_Tower_01,180,981,271,118,97,98111827197,Wayrest,981.921875,-271.2421875
Wayrest Border Tower,0,WOD_Wayrest_Border_Tower_01,270,977,273,104,14,97710427314,Wayrest,977.8125,-273.890625
Wayrest Border Tower,0,WOD_Wayrest_Border_Tower_01,270,970,269,36,17,9703626917,Wayrest,970.28125,-269.8671875
Wayrest Border Tower,0,WOD_Wayrest_Border_Tower_01,270,963,266,100,17,96310026617,Wayrest,963.78125,-266.8671875
Wayrest Border Tower,0,WOD_Wayrest_Border_Tower_01,270,955,264,23,17,9552326417,Wayrest,955.1796875,-264.8671875
Wayrest Border Tower,0,WOD_Wayrest_Border_Tower_01,270,941,264,46,13,9414626413,Wayrest,941.359375,-264.8984375
Wayrest Border Tower,0,WOD_Wayrest_Border_Tower_01,270,932,262,47,14,9324726214,Wayrest,932.3671875,-262.890625
Wayrest Border Tower,0,WOD_Wayrest_Border_Tower_01,270,924,261,44,9,9244426109,Wayrest,924.34375,-261.9296875
Wayrest Border Tower,0,WOD_Wayrest_Border_Tower_01,270,913,264,69,14,9136926414,Wayrest,913.5390625,-264.890625
Wayrest Border Tower,0,WOD_Wayrest_Border_Tower_01,,899,266,20,19,8992026619,Wayrest,899.15625,-266.8515625
Wayrest Border Tower,0,WOD_Wayrest_Border_Tower_01,270,906,258,60,17,9066025817,Wayrest,906.46875,-258.8671875
Wayrest Border Tower,0,WOD_Wayrest_Border_Tower_01,270,895,258,69,28,8956925828,Wayrest,895.5390625,-258.78125
Wayrest Border Tower,0,WOD_Wayrest_Border_Tower_01,270,882,255,101,18,88210125518,Wayrest,882.7890625,-255.859375
Wayrest Border Tower,0,WOD_Wayrest_Border_Tower_01,270,871,250,119,12,87111925012,Wayrest,871.9296875,-250.90625
Wayrest Border Tower,0,WOD_Wayrest_Border_Tower_01,,857,244,26,33,8572624433,Wayrest,857.203125,-244.7421875
Wayrest Border Tower,0,WOD_Wayrest_Border_Tower_01,,855,240,17,26,8551724026,Wayrest,855.1328125,-240.796875
Wayrest Border Tower,0,WOD_Wayrest_Border_Tower_01,,853,234,100,19,85310023419,Wayrest,853.78125,-234.8515625
Wayrest Border Tower,0,WOD_Wayrest_Border_Tower_01,,848,230,87,9,8488723009,Wayrest,848.6796875,-230.9296875
Wayrest Border Tower,0,WOD_Wayrest_Border_Tower_01,,841,226,18,51,8411822651,Wayrest,841.140625,-226.6015625
Wayrest Border Tower,0,WOD_Wayrest_Border_Tower_01,270,834,225,79,14,8347922514,Wayrest,834.6171875,-225.890625
Wayrest Border Tower,0,WOD_Wayrest_Border_Tower_01,,827,224,20,109,82720224109,Wayrest,827.15625,-224.1484375
Wayrest Border Tower,0,WOD_Wayrest_Border_Tower_01,,828,220,20,106,82820220106,Wayrest,828.15625,-220.171875
Wayrest Border Tower,0,WOD_Wayrest_Border_Tower_01,270,839,250,70,55,8397025055,Wayrest,839.546875,-250.5703125
Wayrest Border Tower,0,WOD_Wayrest_Border_Tower_01,,829,240,27,23,8292724023,Wayrest,829.2109375,-240.8203125
Wayrest Border Tower,0,WOD_Wayrest_Border_Tower_01,180,843,241,90,95,8439024195,Wayrest,843.703125,-241.2578125
